"Layer,Provinsi,Nama,Jenis,Alamat,Latitude,Longitude"
"Jawa Barat,Jawa Barat,Kabupaten Sukabumi,Kabupaten,""Kabupaten Sukabumi, Jawa Barat, Indonesia"",-6.9881,106.5514"
"DKI Jakarta Kep Seribu,DKI Jakarta,Kabupaten Kepulauan Seribu,Kabupaten,""Kabupaten Kepulauan Seribu, DKI Jakarta, Indonesia"",-5.6122,106.5613"
"Banten,Banten,Kabupaten Pandeglang,Kabupaten,""Kabupaten Pandeglang, Banten, Indonesia"",-6.3084,106.1064"
"Jawa Tengah,Jawa Tengah,Kabupaten Brebes,Kabupaten,""Kabupaten Brebes, Jawa Tengah, Indonesia"",-6.8731,109.0432"
"Jawa Tengah,Jawa Tengah,Kabupaten Cilacap,Kabupaten,""Kabupaten Cilacap, Jawa Tengah, Indonesia"",-7.7277,109.0061"
"Jawa Tengah,Jawa Tengah,Kabupaten Pemalang,Kabupaten,""Kabupaten Pemalang, Jawa Tengah, Indonesia"",-6.8906,109.3808"
"Jawa Timur,Jawa Timur,Kabupaten Madiun,Kabupaten,""Kabupaten Madiun, Jawa Timur, Indonesia"",-7.5486,111.6563"
"Jawa Timur,Jawa Timur,Kabupaten Pasuruan,Kabupaten,""Kabupaten Pasuruan, Jawa Timur, Indonesia"",-7.5994,112.8021"
"Jawa Timur,Jawa Timur,Kabupaten Probolinggo,Kabupaten,""Kabupaten Probolinggo, Jawa Timur, Indonesia"",-7.7725,113.4181"
